system_id,status,n_steps,fmax_final,c_std,tm_Ni,tm_Zn
NiZn_NC,ok,54,0.04236721992492676,0.0263260770477614,0.0879755562893576,0.4439026723824946
